encoded,original
air_transportation_32eed832,Air transportation
alcoholic_beverages_4d2daa76,Alcoholic beverages
alcoholic_beverages__b854245c,Alcoholic beverages purchased from stores
alcoholic_beverages__1154ebdc,Alcoholic beverages served in licensed establishments
alcoholic_beverages__673c8949,"Alcoholic beverages, tobacco products and recreational cannabis"
all_other_food_prepa_a537a255,All other food preparations
all_other_miscellane_e3023714,All other miscellaneous food preparations (2013=100)
all_other_passenger__9593b4f3,All other passenger vehicle operating expenses
all_items_e644bc04,All-items
all_items__1992_100__bf411a15,All-items (1992=100)
all_items_excluding__d703a743,All-items excluding alcoholic beverages and recreational cannabis
all_items_excluding__78abc238,"All-items excluding alcoholic beverages, tobacco products and smokers' supplies and recreational cannabis"
all_items_excluding__52c91aa5,All-items excluding energy
all_items_excluding__7adef8ff,All-items excluding food
all_items_excluding__44e735c3,All-items excluding food and energy
all_items_excluding__e101a93a,All-items excluding gasoline
all_items_excluding__8b7bff62,All-items excluding mortgage interest cost
all_items_excluding__0e24099b,All-items excluding shelter
all_items_excluding__e4499196,"All-items excluding shelter, insurance and financial services"
all_items_excluding__f35ebc5c,All-items excluding tobacco products and smokers' supplies and recreational cannabis
apples_92446c03,Apples
area_rugs_and_mats_4c330fff,Area rugs and mats
athletic_footwear_5f4a74b8,Athletic footwear
audio_equipment_02b59d44,Audio equipment
baby_foods_48486749,Baby foods
bacon__2013_100__3fc64011,Bacon (2013=100)
bakery_and_cereal_pr_1e8558c6,Bakery and cereal products (excluding baby food)
bakery_products_a4a887db,Bakery products
bananas_1ee31b77,Bananas
bedding_and_other_ho_4ca0ee4f,Bedding and other household textiles
beer_purchased_from__dfa2ffff,Beer purchased from stores
beer_served_in_licen_246987de,Beer served in licensed establishments
berries__including_c_6d8d3961,Berries (including cherries) (202304=100)
bleach_and_other_hou_34a0db1e,Bleach and other household chemical products (2013=100)
books_and_reading_ma_90022ee4,Books and reading material (excluding textbooks)
bread__rolls_and_bun_090cbe8b,"Bread, rolls and buns"
breakfast_cereal_and_6b7f2b69,Breakfast cereal and other cereal products (excluding baby food)
butter_e5961b0b,Butter
canned_and_other_pre_8b346ca5,Canned and other preserved fish
canned_fruit__2013_1_daa51ff3,Canned fruit (2013=100)
canned_infant_or_jun_67868cc5,Canned infant or junior foods (2013=100)
canned_salmon__2013__f2ab8151,Canned salmon (2013=100)
canned_tuna__2013_10_5b8c5a07,Canned tuna (2013=100)
canned_vegetables_an_a9e6c90e,Canned vegetables and other vegetable preparations
carrots__202304_100__419aa8bf,Carrots (202304=100)
cellular_services__2_9b7cc580,Cellular services (2017=100)
cellular_services__2_500d6be1,Cellular services (202304=100)
cereal_products__exc_527e6cb3,Cereal products (excluding baby food)
cheddar_cheese__2013_19f28d2c,Cheddar cheese (2013=100)
cheese_a67778b3,Cheese
child_care_and_house_ff409c5e,Child care and housekeeping services
child_care_services_561e0ead,Child care services
children_s_clothing_2af7e5a0,Children's clothing
children_s_footwear__346fe371,Children's footwear (excluding athletic)
cigarettes_05611bc0,Cigarettes
citrus__excluding_or_a2018dc2,Citrus (excluding oranges) (202304=100)
city_bus_and_subway__5fa06f66,City bus and subway transportation
clothing_efe0bd2c,Clothing
clothing_accessories_4413f6e7,Clothing accessories (2013=100)
clothing_accessories_d7b129f1,"Clothing accessories, watches and jewellery"
clothing_and_footwea_1b81f5be,Clothing and footwear
clothing_material_an_13a34bf6,Clothing material and notions
clothing_material__n_d8b6a8ee,"Clothing material, notions and services"
coffee_3c09b8d0,Coffee
coffee_and_tea_352a30fa,Coffee and tea
communications_cf948ca3,Communications
computer_equipment___b360a6bd,"Computer equipment, software and supplies (201104=100)"
condiments__spices_a_d21ca891,"Condiments, spices and vinegars"
confectionery_0c1e0ff3,Confectionery
contact_lenses__2013_678f6b98,Contact lenses (2013=100)
cookies_and_crackers_ba6c1011,Cookies and crackers
cookies_and_sweet_bi_a47d49c3,Cookies and sweet biscuits (2013=100)
cooking_appliances_d7a06f4e,Cooking appliances
crackers_and_crisp_b_da0982ed,Crackers and crisp breads (2013=100)
creams__lotions_and__af7cadf8,"Creams, lotions and cosmetics (2013=100)"
cucumber__202304_100_191d427c,Cucumber (202304=100)
dairy_products_df860888,Dairy products
dairy_products_and_e_3b1ad743,Dairy products and eggs
dental_care_services_f0815db0,Dental care services
detergents_and_rinse_e8c22ca8,Detergents and rinse agents for dish washing (2013=100)
detergents_and_soaps_71a21504,Detergents and soaps (other than personal care)
digital_computing_eq_6cc920fb,Digital computing equipment and devices
digital_economy_serv_ffae15d7,Digital economy services (201812=100)
dried_and_dehydrated_e45824d2,Dried and dehydrated fruit (2013=100)
drivers__licences_4d376701,Drivers' licences
dry_cleaning_service_ca9c99e8,Dry cleaning services
dry_or_fresh_pasta___0851ef1b,Dry or fresh pasta (2013=100)
durable_goods_b370aec5,Durable goods
edible_fats_and_oils_f1f98afb,Edible fats and oils
education_de7a22a0,Education
education_and_readin_798960d9,Education and reading
eggs_9890f069,Eggs
electricity_656e4358,Electricity
energy_5cc28f31,Energy
eye_care_goods_1336fadc,Eye care goods
eye_care_services__2_40db1f98,Eye care services (200704=100)
fabric_softener__201_f00e72fc,Fabric softener (2013=100)
fermented_or_pickled_71410493,Fermented or pickled vegetables (2013=100)
financial_services___42f809e6,Financial services (200212=100)
fish_071642fa,Fish
fish__seafood_and_ot_41e13f8b,"Fish, seafood and other marine products"
flour_and_flour_base_6795e5cc,Flour and flour-based mixes
foil_supplies__2013__5044d488,Foil supplies (2013=100)
food_0a38e728,Food
food_and_energy_c3814d7a,Food and energy
food_purchased_from__a5966d93,Food purchased from cafeterias and other restaurants
food_purchased_from__081d2bd3,Food purchased from fast food and take-out restaurants
food_purchased_from__635f0892,Food purchased from restaurants
food_purchased_from__78246d9a,Food purchased from stores
food_purchased_from__5d817580,Food purchased from table-service restaurants
footwear_0dc41158,Footwear
fresh_fruit_9e83eeb3,Fresh fruit
fresh_fruit_and_vege_5fd3f9f2,Fresh fruit and vegetables
fresh_milk_bbab65f7,Fresh milk
fresh_or_frozen_beef_4c814218,Fresh or frozen beef
fresh_or_frozen_beef_b31cc551,Fresh or frozen beef chuck cuts (202404=100)
fresh_or_frozen_beef_cf2a3c18,Fresh or frozen beef hip cuts (202404=100)
fresh_or_frozen_beef_804e7dae,Fresh or frozen beef loin cuts (202404=100)
fresh_or_frozen_beef_a4190b50,Fresh or frozen beef rib cuts (202404=100)
fresh_or_frozen_chic_fb7cb50c,Fresh or frozen chicken
fresh_or_frozen_chic_f5aac697,Fresh or frozen chicken breasts (202404=100)
fresh_or_frozen_chic_e4718d78,Fresh or frozen chicken drumsticks (202404=100)
fresh_or_frozen_chic_fb5ff5b2,Fresh or frozen chicken thighs (202404=100)
fresh_or_frozen_fish_15f99709,Fresh or frozen fish (including portions and fish sticks)
fresh_or_frozen_grou_269365ec,Fresh or frozen ground beef (202404=100)
fresh_or_frozen_meat_9e73b81c,Fresh or frozen meat (excluding poultry)
fresh_or_frozen_pork_20161c2a,Fresh or frozen pork
fresh_or_frozen_pork_f72bf42c,Fresh or frozen pork loin cuts (202404=100)
fresh_or_frozen_pork_4f2b5b53,Fresh or frozen pork shoulder cuts (202404=100)
fresh_or_frozen_poul_6fa0bfbf,Fresh or frozen poultry
fresh_or_frozen_whol_a52d4738,Fresh or frozen whole chicken (202404=100)
fresh_stewing_beef___5fe1d971,Fresh stewing beef (202404=100)
fresh_vegetables_74c8bae5,Fresh vegetables
frozen_and_dried_veg_79c8a815,Frozen and dried vegetables
frozen_food_preparat_8c414a88,Frozen food preparations
frozen_fruit__2013_1_4ccfbc01,Frozen fruit (2013=100)
fruit_juices_7217a8fa,Fruit juices
fruit__fruit_prepara_fb279845,"Fruit, fruit preparations and nuts"
fuel_oil_and_other_f_4cfe24d8,Fuel oil and other fuels
fuel__parts_and_acce_0714e173,"Fuel, parts and accessories for recreational vehicles"
furniture_bb3a8b2e,Furniture
furniture_and_househ_87c68d54,Furniture and household textiles
gasoline_6c2a49ea,Gasoline
goods_9b2cfa29,Goods
goods_and_services_14d2d639,Goods and services
goods_excluding_food_3afabfb0,Goods excluding food purchased from stores
goods_excluding_food_a3f7f304,Goods excluding food purchased from stores and energy
grapes__202304_100__40b28300,Grapes (202304=100)
hair_preparations_an_ee560b2a,Hair preparations and other toilet preparations (2013=100)
ham_and_bacon_4dbac805,Ham and bacon
ham_excluding_deli_h_56e6e6b8,Ham excluding deli ham (2013=100)
health_and_personal__d4a11939,Health and personal care
health_care_aeebad08,Health care
health_care_goods_08660a41,Health care goods
health_care_services_e04e9765,Health care services
herbs__spices_and_se_49267459,"Herbs, spices and seasonings (2013=100)"
home_entertainment_e_d0db41c9,"Home entertainment equipment, parts and services"
homeowners__home_and_0063b30c,Homeowners' home and mortgage insurance
homeowners__maintena_3da93e95,Homeowners' maintenance and repairs
homeowners__replacem_2e633e35,Homeowners' replacement cost
household_appliances_bf99c602,Household appliances
household_cleaning_a_d5807dc5,Household cleaning and polishing products (2013=100)
household_cleaning_p_608f4e78,Household cleaning products
household_equipment_62df944b,Household equipment
household_furnishing_4ba9ecad,Household furnishings and equipment
household_operations_cf9cfe28,Household operations
household_operations_c29aecb8,"Household operations, furnishings and equipment"
household_paper_supp_82d501b4,Household paper supplies (2013=100)
household_textiles_6f6975a8,Household textiles
household_tools__inc_3da6a58f,"Household tools (including lawn, garden and snow removal equipment)"
housekeeping_service_df8b98d8,Housekeeping services
housing__1986_defini_2f08d62c,Housing (1986 definition)
ice_cream_and_relate_427802dd,Ice cream and related products
infant_formula__2013_4c90439a,Infant formula (2013=100)
instant_and_other_co_04463ea6,Instant and other coffee (2013=100)
insurance__licences__05a8e0f3,"Insurance, licences and other services for recreational vehicles"
inter_city_transport_0a86fd98,Inter-city transportation
internet_access_serv_cc1c3afb,Internet access services (200212=100)
jam__jelly_and_other_cf4d0a10,"Jam, jelly and other preserves (2013=100)"
jewellery_4a52f248,Jewellery
laundry_and_dishwash_c50db0bb,Laundry and dishwashing appliances
laundry_detergents_a_6b410f58,Laundry detergents and soaps (2013=100)
laundry_services_72b885c3,Laundry services
leasing_of_passenger_294b8a4d,Leasing of passenger vehicles
leather_clothing_acc_dccc5dae,Leather clothing accessories
lettuce_cb9c58bd,Lettuce
liquor_purchased_fro_07d52a83,Liquor purchased from stores
liquor_served_in_lic_6c5f86c3,Liquor served in licensed establishments
local_and_commuter_t_30565788,Local and commuter transportation
low_fat_milk__2013_1_66c71ed7,Low-fat milk (2013=100)
magazines_and_period_17f11728,Magazines and periodicals
margarine_0915d648,Margarine
meat_e4b662d3,Meat
medicinal_and_pharma_092f7bf4,Medicinal and pharmaceutical products
medicinal_cannabis___fda4b00d,Medicinal cannabis (201812=100)
men_s_clothing_1da3e1ef,Men's clothing
men_s_footwear__excl_a916c837,Men's footwear (excluding athletic)
mortgage_interest_co_c88e1858,Mortgage interest cost
mozzarella_cheese__2_fcf5c8c3,Mozzarella cheese (2013=100)
multipurpose_digital_5bad7841,Multipurpose digital devices (201104=100)
mushrooms__202304_10_1d5b5252,Mushrooms (202304=100)
natural_gas_02ca5f3c,Natural gas
newspapers_31d4083a,Newspapers
non_alcoholic_bevera_6e014584,Non-alcoholic beverages
non_durable_goods_cbbebee4,Non-durable goods
non_durable_goods_ex_7816a618,Non-durable goods excluding food purchased from stores
non_durable_goods_ex_c3612fb0,Non-durable goods excluding food purchased from stores and energy
non_electric_kitchen_6b36cdbc,"Non-electric kitchen utensils, tableware and cookware"
non_prescribed_medic_58e24213,Non-prescribed medicines
nut_butter__2013_100_0b6b5fdd,Nut butter (2013=100)
nuts_and_seeds_1ccebb11,Nuts and seeds
onions__202304_100__0a9ef3e4,Onions (202304=100)
operation_of_passeng_d8379eca,Operation of passenger vehicles
operation_of_recreat_3b64f235,Operation of recreational vehicles
oral_hygiene_product_a251b245,Oral-hygiene products
oranges_62f2b770,Oranges
other_bakery_product_1870d08e,Other bakery products
other_clothing_acces_b9dd2953,Other clothing accessories
other_clothing_servi_7691ec97,Other clothing services
other_cultural_and_r_828d772f,Other cultural and recreational services
other_dairy_products_b58c4066,Other dairy products
other_edible_fats_an_6d018362,Other edible fats and oils
other_eye_care_goods_a6b1eab8,Other eye care goods (2013=100)
other_food_preparati_2280b88e,Other food preparations
other_food_products__f71d1267,Other food products and non-alcoholic beverages
other_fresh_fruit_36dad8f9,Other fresh fruit
other_fresh_or_froze_7a78bdd0,Other fresh or frozen beef (202404=100)
other_fresh_or_froze_d397eedf,Other fresh or frozen chicken (202404=100)
other_fresh_or_froze_e4c310cd,Other fresh or frozen meat (excluding poultry)
other_fresh_or_froze_90d1b36f,Other fresh or frozen pork (202404=100)
other_fresh_or_froze_7b353ab0,Other fresh or frozen poultry
other_fresh_vegetabl_c99a7bba,Other fresh vegetables
other_furniture_023355b0,Other furniture
other_health_care_go_ed9584ea,Other health care goods
other_health_care_se_4d5249eb,Other health care services
other_home_entertain_d32f64a8,"Other home entertainment equipment, parts and services"
other_horticultural__8c4f95c3,Other horticultural goods
other_household_appl_7316b1e8,Other household appliances
other_household_clea_7b5b0e45,Other household cleaning products
other_household_equi_67ff239c,Other household equipment
other_household_good_2d7f0aab,Other household goods and services
other_household_serv_081774bd,Other household services
other_household_supp_1d7c658d,Other household supplies
other_lessons__cours_f6f748cd,"Other lessons, courses and education services"
other_owned_accommod_4bb13fb1,Other owned accommodation expenses
other_passenger_vehi_d2d66cb9,Other passenger vehicle operating expenses
other_personal_care__5a914e22,Other personal care supplies and equipment
other_preserved_frui_cec8086c,Other preserved fruit and fruit preparations
other_processed_meat_336315ff,Other processed meat
other_recreational_e_70a80612,Other recreational equipment
other_shellfish__201_b2a234fe,Other shellfish (2013=100)
other_tobacco_produc_fa0cd600,Other tobacco products and smokers' supplies
owned_accommodation_16959577,Owned accommodation
paper_supplies_9600def8,Paper supplies
paper__plastic_and_a_34a8eaf2,"Paper, plastic and aluminum foil supplies"
parking_fees_141acc56,Parking fees
passenger_vehicle_in_1c6fc4d4,Passenger vehicle insurance premiums
passenger_vehicle_ma_e97b444a,Passenger vehicle maintenance and repair services
passenger_vehicle_pa_96319e86,"Passenger vehicle parts, accessories and supplies"
passenger_vehicle_pa_ef26699a,"Passenger vehicle parts, maintenance and repairs"
passenger_vehicle_re_3f0d3030,Passenger vehicle registration fees
pasta_mixes__2013_10_bfad21b1,Pasta mixes (2013=100)
pasta_products_4584a7b0,Pasta products
peppers__202304_100__e02f9a78,Peppers (202304=100)
perfume_and_cologne__66266740,Perfume and cologne (2013=100)
personal_care_4f521f1f,Personal care
personal_care_servic_7b84bcda,Personal care services
personal_care_suppli_a464bed1,Personal care supplies and equipment
personal_soap_fdf8323c,Personal soap
pet_food_and_supplie_966facb9,Pet food and supplies
photographic_equipme_b1758b26,Photographic equipment and supplies
plastic_and_aluminum_f5167a04,Plastic and aluminum foil supplies
plastic_supplies__20_89e1d25c,Plastic supplies (2013=100)
postal_and_other_com_c9095894,Postal and other communications services
potato_chips_and_oth_856b22bf,Potato chips and other snack products n.e.c. (2013=100)
potatoes_b1bebff6,Potatoes
prescribed_medicines_c6e353d9,Prescribed medicines (excluding medicinal cannabis)
prescription_eyeglas_9ef119a6,Prescription eyeglasses (2013=100)
preserved_fruit_and__32b960a2,Preserved fruit and fruit preparations
preserved_vegetables_9af36e02,Preserved vegetables and vegetable preparations
private_transportati_ebc3696e,Private transportation
private_transportati_484350ec,Private transportation excluding gasoline
processed_cheese__20_35ee0293,Processed cheese (2013=100)
processed_meat_3f3eaad6,Processed meat
property_taxes_and_o_831d9757,Property taxes and other special charges
public_transportatio_0311b371,Public transportation
purchase_and_leasing_29ffc06f,Purchase and leasing of passenger vehicles
purchase_and_operati_4d809389,Purchase and operation of recreational vehicles
purchase_of_automobi_d5226cb8,Purchase of automobiles (2013=100)
purchase_of_digital__861d0fde,Purchase of digital media
purchase_of_new_pass_8de2aa5d,Purchase of new passenger vehicles (202204=100)
purchase_of_passenge_fcedd95d,Purchase of passenger vehicles
purchase_of_recreati_3bbfee32,Purchase of recreational vehicles and outboard motors
purchase_of_trucks___b20c122f,"Purchase of trucks, vans and sport utility vehicles (2013=100)"
purchase_of_used_pas_a3e3961e,Purchase of used passenger vehicles (202204=100)
purchase__leasing_an_b768a175,"Purchase, leasing and rental of passenger vehicles"
rail__highway_bus_an_835e7031,"Rail, highway bus and other inter-city transportation"
reading_material__ex_b9718689,Reading material (excluding textbooks)
recreation_b72cc593,Recreation
recreation__educatio_136c2417,"Recreation, education and reading"
recreational_cannabi_4ba15dde,Recreational cannabis (201812=100)
recreational_equipme_8c917a3b,Recreational equipment and services (excluding recreational vehicles)
recreational_service_f6a4fd67,Recreational services
refrigerators_and_fr_5b54f1c5,Refrigerators and freezers
rent_7f41186f,Rent
rental_of_digital_me_60e0c714,Rental of digital media
rental_of_passenger__aaa1cacd,Rental of passenger vehicles
rented_accommodation_c84bf81e,Rented accommodation
rice_and_rice_based__d068f902,Rice and rice-based mixes
roasted_or_ground_co_92ef2b53,Roasted or ground coffee (2013=100)
sauces__condiments_a_d564b941,"Sauces, condiments and dips (2013=100)"
school_textbooks_and_ad526b84,School textbooks and supplies
seafood_and_other_ma_c5d6b5cc,Seafood and other marine products
seeds__plants_and_cu_0ca9ab6c,"Seeds, plants and cut flowers"
semi_durable_goods_c4962f48,Semi-durable goods
services_992a0f05,Services
services_excluding_s_a5b765a2,Services excluding shelter services
services_related_to__0e4d620e,Services related to household furnishings and equipment
shelter_f515a9fb,Shelter
shelter__1986_defini_dc59ed13,Shelter (1986 definition)
shrimps_and_prawns___952178f7,Shrimps and prawns (2013=100)
soup_af086693,Soup
spectator_entertainm_e2724b6b,Spectator entertainment (excluding video and audio subscription services)
sporting_and_exercis_5bb37cd7,Sporting and exercise equipment
stationery__2013_100_002e1c4e,Stationery (2013=100)
sugar_and_confection_87a2d3a7,Sugar and confectionery
sugar_and_syrup_a9ed3b9e,Sugar and syrup
taxi_and_other_local_4f1edfa1,Taxi and other local and commuter transportation services
tea_485c264d,Tea
telephone_equipment__4aa2f934,Telephone equipment (201104=100)
telephone_services_f17e7156,Telephone services
tenants__insurance_p_bc9ca7a2,Tenants' insurance premiums
tenants__maintenance_81017a8e,"Tenants' maintenance, repairs and other expenses"
tobacco_products_and_80a761e1,Tobacco products and smokers' supplies
toiletry_items_and_c_e159d039,Toiletry items and cosmetics
tomatoes_74810820,Tomatoes
tools_and_other_hous_c6983f2b,Tools and other household equipment
toys__games__excludi_0b7271ef,"Toys, games (excluding video games) and hobby supplies"
transportation_a600971f,Transportation
travel_services_fd1639f8,Travel services
travel_tours_3c486893,Travel tours
traveller_accommodat_5605555b,Traveller accommodation
tuition_fees_cafe28f5,Tuition fees
unripened_or_fresh_c_358a061c,Unripened or fresh cheese (2013=100)
upholstered_furnitur_8607fed1,Upholstered furniture
use_of_recreational__5d4a3c9c,Use of recreational facilities and services
vegetables_and_veget_3d0dc6ce,Vegetables and vegetable preparations
video_and_audio_subs_e80ec009,Video and audio subscription services
video_equipment_49a9fb0e,Video equipment
watches_3a481bee,Watches
water_27634ff8,Water
water__fuel_and_elec_de2e50ca,"Water, fuel and electricity"
whole_milk__2013_100_b87c8444,Whole milk (2013=100)
window_coverings_5448536a,Window coverings
wine_purchased_from__4e36ee4f,Wine purchased from stores
wine_served_in_licen_df514045,Wine served in licensed establishments
women_s_clothing_80dbd4fe,Women's clothing
women_s_footwear__ex_08d5a0ea,Women's footwear (excluding athletic)
wooden_furniture_eba0f31b,Wooden furniture
all_items_mom_a01b2ae3,All-items_MoM
all_items_yoy_e9ae604a,All-items_YoY
all_items__1992_100__a0010980,All-items (1992=100)_MoM
all_items__1992_100__229c06d4,All-items (1992=100)_YoY
goods_and_services_m_48108012,Goods and services_MoM
goods_and_services_y_2365660a,Goods and services_YoY
food_mom_1a165df7,Food_MoM
food_yoy_bc56bf0d,Food_YoY
fresh_or_frozen_poul_c49d5b57,Fresh or frozen poultry_MoM
fresh_or_frozen_poul_b34447cf,Fresh or frozen poultry_YoY
fresh_or_frozen_chic_f8786882,Fresh or frozen chicken_MoM
fresh_or_frozen_chic_f554b934,Fresh or frozen chicken_YoY
dairy_products_mom_55c6b82f,Dairy products_MoM
dairy_products_yoy_b79b0d78,Dairy products_YoY
fresh_milk_mom_2e59ba7e,Fresh milk_MoM
fresh_milk_yoy_4bdf08cd,Fresh milk_YoY
butter_mom_8d82ecbe,Butter_MoM
butter_yoy_6f0239d2,Butter_YoY
bakery_and_cereal_pr_190ca622,Bakery and cereal products (excluding baby food)_MoM
bakery_and_cereal_pr_19e1773e,Bakery and cereal products (excluding baby food)_YoY
breakfast_cereal_and_3f09c924,Breakfast cereal and other cereal products (excluding baby food)_MoM
breakfast_cereal_and_05624c68,Breakfast cereal and other cereal products (excluding baby food)_YoY
flour_and_flour_base_143db90d,Flour and flour-based mixes_MoM
flour_and_flour_base_1473208c,Flour and flour-based mixes_YoY
fresh_fruit_mom_5ba1c6a2,Fresh fruit_MoM
fresh_fruit_yoy_9df2b499,Fresh fruit_YoY
apples_mom_167ca5d1,Apples_MoM
apples_yoy_5fd88de4,Apples_YoY
oranges_mom_424e805c,Oranges_MoM
oranges_yoy_30909689,Oranges_YoY
bananas_mom_4c7f2382,Bananas_MoM
bananas_yoy_027ae21d,Bananas_YoY
fresh_vegetables_mom_1b8234f1,Fresh vegetables_MoM
fresh_vegetables_yoy_9b55cdc7,Fresh vegetables_YoY
potatoes_mom_688a07b4,Potatoes_MoM
potatoes_yoy_ce407677,Potatoes_YoY
tomatoes_mom_c4dd48e3,Tomatoes_MoM
tomatoes_yoy_a1e12482,Tomatoes_YoY
lettuce_mom_3bb9c53e,Lettuce_MoM
lettuce_yoy_01bb6a98,Lettuce_YoY
rented_accommodation_4ac34018,Rented accommodation_MoM
rented_accommodation_b8392898,Rented accommodation_YoY
rent_mom_c492a345,Rent_MoM
rent_yoy_db5e9146,Rent_YoY
tenants__insurance_p_a72aaeed,Tenants' insurance premiums_MoM
tenants__insurance_p_2716fb4a,Tenants' insurance premiums_YoY
owned_accommodation__e04aeb30,Owned accommodation_MoM
owned_accommodation__9b83b236,Owned accommodation_YoY
mortgage_interest_co_215edd63,Mortgage interest cost_MoM
mortgage_interest_co_6fbec6bb,Mortgage interest cost_YoY
homeowners__replacem_57388fc2,Homeowners' replacement cost_MoM
homeowners__replacem_f49b623e,Homeowners' replacement cost_YoY
property_taxes_and_o_f57f2249,Property taxes and other special charges_MoM
property_taxes_and_o_166819ab,Property taxes and other special charges_YoY
homeowners__home_and_d3f0d39e,Homeowners' home and mortgage insurance_MoM
homeowners__home_and_34f9ba49,Homeowners' home and mortgage insurance_YoY
homeowners__maintena_e94d6dc1,Homeowners' maintenance and repairs_MoM
homeowners__maintena_f89f8216,Homeowners' maintenance and repairs_YoY
water__fuel_and_elec_af7c86d3,"Water, fuel and electricity_MoM"
water__fuel_and_elec_860d462a,"Water, fuel and electricity_YoY"
electricity_mom_205d0c13,Electricity_MoM
electricity_yoy_36825089,Electricity_YoY
natural_gas_mom_fe1396aa,Natural gas_MoM
natural_gas_yoy_12e115db,Natural gas_YoY
fuel_oil_and_other_f_8251923d,Fuel oil and other fuels_MoM
fuel_oil_and_other_f_d0e6fcf7,Fuel oil and other fuels_YoY
telephone_services_m_bea9616f,Telephone services_MoM
telephone_services_y_d52f8c82,Telephone services_YoY
postal_and_other_com_5816bf8c,Postal and other communications services_MoM
postal_and_other_com_6c2518e4,Postal and other communications services_YoY
furniture_mom_f60b2bca,Furniture_MoM
furniture_yoy_006e1a77,Furniture_YoY
area_rugs_and_mats_m_f7fd35da,Area rugs and mats_MoM
area_rugs_and_mats_y_25e14701,Area rugs and mats_YoY
clothing_and_footwea_8fbfbc52,Clothing and footwear_MoM
clothing_and_footwea_697964b5,Clothing and footwear_YoY
dry_cleaning_service_d3bf875a,Dry cleaning services_MoM
dry_cleaning_service_3a37e53f,Dry cleaning services_YoY
other_clothing_servi_791c6991,Other clothing services_MoM
other_clothing_servi_101920ee,Other clothing services_YoY
transportation_mom_364bbd3e,Transportation_MoM
transportation_yoy_1d0923e4,Transportation_YoY
private_transportati_b5944934,Private transportation_MoM
private_transportati_39f6db12,Private transportation_YoY
purchase_and_leasing_8463050c,Purchase and leasing of passenger vehicles_MoM
purchase_and_leasing_ce65a4d6,Purchase and leasing of passenger vehicles_YoY
purchase_of_passenge_0b34db4b,Purchase of passenger vehicles_MoM
purchase_of_passenge_b8cf41df,Purchase of passenger vehicles_YoY
gasoline_mom_4838435a,Gasoline_MoM
gasoline_yoy_6650d152,Gasoline_YoY
passenger_vehicle_in_be699292,Passenger vehicle insurance premiums_MoM
passenger_vehicle_in_6350ca0c,Passenger vehicle insurance premiums_YoY
local_and_commuter_t_f2fa5cd4,Local and commuter transportation_MoM
local_and_commuter_t_c40ccea1,Local and commuter transportation_YoY
city_bus_and_subway__907ba25b,City bus and subway transportation_MoM
city_bus_and_subway__eeee98d2,City bus and subway transportation_YoY
taxi_and_other_local_3a61385b,Taxi and other local and commuter transportation services_MoM
taxi_and_other_local_eaa6cba9,Taxi and other local and commuter transportation services_YoY
inter_city_transport_85908e71,Inter-city transportation_MoM
inter_city_transport_8a7e6f85,Inter-city transportation_YoY
health_and_personal__fa634aca,Health and personal care_MoM
health_and_personal__4bdd52be,Health and personal care_YoY
health_care_mom_ed4ed468,Health care_MoM
health_care_yoy_7a6c9534,Health care_YoY
dental_care_services_b8e8739d,Dental care services_MoM
dental_care_services_3f7af4d3,Dental care services_YoY
personal_care_mom_847e4bf3,Personal care_MoM
personal_care_yoy_10311132,Personal care_YoY
personal_soap_mom_f0d873c6,Personal soap_MoM
personal_soap_yoy_d7b5116e,Personal soap_YoY
oral_hygiene_product_680d4be1,Oral-hygiene products_MoM
oral_hygiene_product_fb8a16de,Oral-hygiene products_YoY
personal_care_servic_e19f1605,Personal care services_MoM
personal_care_servic_c8f2b0a1,Personal care services_YoY
recreation__educatio_7e0b4ea1,"Recreation, education and reading_MoM"
recreation__educatio_2862bbaf,"Recreation, education and reading_YoY"
recreation_mom_ac4dd8c7,Recreation_MoM
recreation_yoy_0c8d23f0,Recreation_YoY
reading_material__ex_678f7186,Reading material (excluding textbooks)_MoM
reading_material__ex_c86c9ac6,Reading material (excluding textbooks)_YoY
newspapers_mom_8990dac3,Newspapers_MoM
newspapers_yoy_6c2e1485,Newspapers_YoY
alcoholic_beverages__c2d3f204,"Alcoholic beverages, tobacco products and recreational cannabis_MoM"
alcoholic_beverages__7c919e5b,"Alcoholic beverages, tobacco products and recreational cannabis_YoY"
alcoholic_beverages__7f620ca2,Alcoholic beverages_MoM
alcoholic_beverages__644c0fd9,Alcoholic beverages_YoY
beer_purchased_from__ab46fc60,Beer purchased from stores_MoM
beer_purchased_from__7af38a30,Beer purchased from stores_YoY
liquor_purchased_fro_c9fd7cc7,Liquor purchased from stores_MoM
liquor_purchased_fro_61e9d648,Liquor purchased from stores_YoY
tobacco_products_and_2d7a26bf,Tobacco products and smokers' supplies_MoM
tobacco_products_and_1d46d355,Tobacco products and smokers' supplies_YoY
cigarettes_mom_7011fe2e,Cigarettes_MoM
cigarettes_yoy_4074db1a,Cigarettes_YoY
all_items_excluding__a197ea95,All-items excluding food_MoM
all_items_excluding__7a818989,All-items excluding food_YoY
housing__1986_defini_d6a57c60,Housing (1986 definition)_MoM
housing__1986_defini_0bdb859a,Housing (1986 definition)_YoY
food_purchased_from__10845087,Food purchased from stores_MoM
food_purchased_from__d92e157a,Food purchased from stores_YoY
other_fresh_or_froze_8804cce2,Other fresh or frozen poultry_MoM
other_fresh_or_froze_44613259,Other fresh or frozen poultry_YoY
eggs_mom_8a71266e,Eggs_MoM
eggs_yoy_f47df806,Eggs_YoY
margarine_mom_e94446f0,Margarine_MoM
margarine_yoy_25148ac2,Margarine_YoY
tea_mom_1bd5facf,Tea_MoM
tea_yoy_854222b8,Tea_YoY
non_alcoholic_bevera_7e246f85,Non-alcoholic beverages_MoM
non_alcoholic_bevera_bab1ed96,Non-alcoholic beverages_YoY
food_purchased_from__2244e899,Food purchased from restaurants_MoM
food_purchased_from__76514ccc,Food purchased from restaurants_YoY
tenants__maintenance_b88e9888,"Tenants' maintenance, repairs and other expenses_MoM"
tenants__maintenance_bd203740,"Tenants' maintenance, repairs and other expenses_YoY"
household_cleaning_p_b78f4f9e,Household cleaning products_MoM
household_cleaning_p_8e32559f,Household cleaning products_YoY
footwear_mom_7f597060,Footwear_MoM
footwear_yoy_ca90f3dc,Footwear_YoY
operation_of_passeng_8a5f27fa,Operation of passenger vehicles_MoM
operation_of_passeng_5ad0e691,Operation of passenger vehicles_YoY
public_transportatio_8eac3597,Public transportation_MoM
public_transportatio_5f9a3e75,Public transportation_YoY
air_transportation_m_6d0071cf,Air transportation_MoM
air_transportation_y_abb7b464,Air transportation_YoY
other_home_entertain_4485fe57,"Other home entertainment equipment, parts and services_MoM"
other_home_entertain_56539030,"Other home entertainment equipment, parts and services_YoY"
all_items_excluding__2de338aa,All-items excluding food and energy_MoM
all_items_excluding__574b9d56,All-items excluding food and energy_YoY
energy_mom_4eff713c,Energy_MoM
energy_yoy_d796e8b3,Energy_YoY
goods_mom_abcc4148,Goods_MoM
goods_yoy_f436f992,Goods_YoY
durable_goods_mom_6d42401d,Durable goods_MoM
durable_goods_yoy_aa49a07c,Durable goods_YoY
semi_durable_goods_m_5d37b78e,Semi-durable goods_MoM
semi_durable_goods_y_d3f46275,Semi-durable goods_YoY
non_durable_goods_mo_56fbdfe3,Non-durable goods_MoM
non_durable_goods_yo_12458f82,Non-durable goods_YoY
non_durable_goods_ex_6803a18f,Non-durable goods excluding food purchased from stores_MoM
non_durable_goods_ex_5c226257,Non-durable goods excluding food purchased from stores_YoY
goods_excluding_food_15e165fe,Goods excluding food purchased from stores_MoM
goods_excluding_food_fc9c11a6,Goods excluding food purchased from stores_YoY
goods_excluding_food_1e0bad77,Goods excluding food purchased from stores and energy_MoM
goods_excluding_food_b705c393,Goods excluding food purchased from stores and energy_YoY
services_mom_7170b029,Services_MoM
services_yoy_54162371,Services_YoY
services_excluding_s_85d6863e,Services excluding shelter services_MoM
services_excluding_s_c8c6c45b,Services excluding shelter services_YoY
ice_cream_and_relate_66e4e72d,Ice cream and related products_MoM
ice_cream_and_relate_18b21fe4,Ice cream and related products_YoY
fresh_or_frozen_beef_58b60fb9,Fresh or frozen beef_MoM
fresh_or_frozen_beef_5e4e523e,Fresh or frozen beef_YoY
dairy_products_and_e_e1ca124b,Dairy products and eggs_MoM
dairy_products_and_e_431eca86,Dairy products and eggs_YoY
bakery_products_mom_e23779c4,Bakery products_MoM
bakery_products_yoy_ed1b1d32,Bakery products_YoY
sugar_and_confection_a08672a2,Sugar and confectionery_MoM
sugar_and_confection_c4025f66,Sugar and confectionery_YoY
coffee_and_tea_mom_8453ab8f,Coffee and tea_MoM
coffee_and_tea_yoy_8cf03501,Coffee and tea_YoY
communications_mom_d30802a7,Communications_MoM
communications_yoy_6902b531,Communications_YoY
paper__plastic_and_a_62394759,"Paper, plastic and aluminum foil supplies_MoM"
paper__plastic_and_a_6092b46f,"Paper, plastic and aluminum foil supplies_YoY"
household_furnishing_64469f23,Household furnishings and equipment_MoM
household_furnishing_cb7c03b1,Household furnishings and equipment_YoY
women_s_footwear__ex_7f0edbc8,Women's footwear (excluding athletic)_MoM
women_s_footwear__ex_c4603827,Women's footwear (excluding athletic)_YoY
clothing_material__n_df5f6c0b,"Clothing material, notions and services_MoM"
clothing_material__n_02aca82b,"Clothing material, notions and services_YoY"
personal_care_suppli_fbf2b937,Personal care supplies and equipment_MoM
personal_care_suppli_3a3d3b42,Personal care supplies and equipment_YoY
magazines_and_period_15d6a38d,Magazines and periodicals_MoM
magazines_and_period_f5118494,Magazines and periodicals_YoY
all_items_excluding__cda69876,All-items excluding energy_MoM
all_items_excluding__e5ff9549,All-items excluding energy_YoY
food_and_energy_mom_4bd21f80,Food and energy_MoM
food_and_energy_yoy_adeb2fcc,Food and energy_YoY
other_edible_fats_an_c92dbc9f,Other edible fats and oils_MoM
other_edible_fats_an_1354c4d6,Other edible fats and oils_YoY
water_mom_1784b9b8,Water_MoM
water_yoy_4612af35,Water_YoY
jewellery_mom_ec4a3257,Jewellery_MoM
jewellery_yoy_f4c6facf,Jewellery_YoY
laundry_services_mom_a5aa4810,Laundry services_MoM
laundry_services_yoy_5c9cb347,Laundry services_YoY
parking_fees_mom_38f07f0b,Parking fees_MoM
parking_fees_yoy_ba35ed5b,Parking fees_YoY
traveller_accommodat_6cf2c40c,Traveller accommodation_MoM
traveller_accommodat_bb5aabe7,Traveller accommodation_YoY
education_mom_131b9165,Education_MoM
education_yoy_4560f310,Education_YoY
tuition_fees_mom_ac2f5c1d,Tuition fees_MoM
tuition_fees_yoy_e77c5cdb,Tuition fees_YoY
beer_served_in_licen_9dc8e18f,Beer served in licensed establishments_MoM
beer_served_in_licen_572a510d,Beer served in licensed establishments_YoY
liquor_served_in_lic_d4d33fc8,Liquor served in licensed establishments_MoM
liquor_served_in_lic_9a694794,Liquor served in licensed establishments_YoY
wine_purchased_from__04509abe,Wine purchased from stores_MoM
wine_purchased_from__0ce74f71,Wine purchased from stores_YoY
housekeeping_service_b095b964,Housekeeping services_MoM
housekeeping_service_18086996,Housekeeping services_YoY
children_s_clothing__647dd150,Children's clothing_MoM
children_s_clothing__99936440,Children's clothing_YoY
all_other_passenger__0280d4f1,All other passenger vehicle operating expenses_MoM
all_other_passenger__482f2b32,All other passenger vehicle operating expenses_YoY
meat_mom_d6eb7d66,Meat_MoM
meat_yoy_0c8817f5,Meat_YoY
fresh_or_frozen_meat_222723d2,Fresh or frozen meat (excluding poultry)_MoM
fresh_or_frozen_meat_c2c8767c,Fresh or frozen meat (excluding poultry)_YoY
fresh_or_frozen_pork_593ec2c4,Fresh or frozen pork_MoM
fresh_or_frozen_pork_2f88727d,Fresh or frozen pork_YoY
fish_mom_59fe34e1,Fish_MoM
fish_yoy_b870082a,Fish_YoY
canned_and_other_pre_5f70fb58,Canned and other preserved fish_MoM
canned_and_other_pre_e61f0c6a,Canned and other preserved fish_YoY
seafood_and_other_ma_991320bd,Seafood and other marine products_MoM
seafood_and_other_ma_ee453ee9,Seafood and other marine products_YoY
rice_and_rice_based__ad9c8f89,Rice and rice-based mixes_MoM
rice_and_rice_based__68648bb4,Rice and rice-based mixes_YoY
pasta_products_mom_1abe8d88,Pasta products_MoM
pasta_products_yoy_c8411582,Pasta products_YoY
fruit__fruit_prepara_4622a0a2,"Fruit, fruit preparations and nuts_MoM"
fruit__fruit_prepara_d4fa1a81,"Fruit, fruit preparations and nuts_YoY"
vegetables_and_veget_52e072a3,Vegetables and vegetable preparations_MoM
vegetables_and_veget_b0afcdf9,Vegetables and vegetable preparations_YoY
canned_vegetables_an_42b6cc80,Canned vegetables and other vegetable preparations_MoM
canned_vegetables_an_afabb78b,Canned vegetables and other vegetable preparations_YoY
edible_fats_and_oils_b27ba339,Edible fats and oils_MoM
edible_fats_and_oils_6cbae393,Edible fats and oils_YoY
coffee_mom_4dc36569,Coffee_MoM
coffee_yoy_6cc91f9e,Coffee_YoY
condiments__spices_a_53385df2,"Condiments, spices and vinegars_MoM"
condiments__spices_a_13654c29,"Condiments, spices and vinegars_YoY"
other_food_preparati_a19f34bb,Other food preparations_MoM
other_food_preparati_939f002a,Other food preparations_YoY
soup_mom_5c1acd89,Soup_MoM
soup_yoy_c3ca3c7c,Soup_YoY
baby_foods_mom_ea4288a1,Baby foods_MoM
baby_foods_yoy_5eeb96ae,Baby foods_YoY
frozen_food_preparat_5b27ce52,Frozen food preparations_MoM
frozen_food_preparat_68c00fd2,Frozen food preparations_YoY
shelter_mom_97f44d65,Shelter_MoM
shelter_yoy_d979e190,Shelter_YoY
household_operations_ec32f6c3,"Household operations, furnishings and equipment_MoM"
household_operations_5dbc6aa0,"Household operations, furnishings and equipment_YoY"
household_operations_d13c5eb1,Household operations_MoM
household_operations_1e41a939,Household operations_YoY
child_care_services__ee7cf71e,Child care services_MoM
child_care_services__9cb049a1,Child care services_YoY
detergents_and_soaps_76633f12,Detergents and soaps (other than personal care)_MoM
detergents_and_soaps_b96a1019,Detergents and soaps (other than personal care)_YoY
other_horticultural__8c2395a3,Other horticultural goods_MoM
other_horticultural__c404ad6d,Other horticultural goods_YoY
other_household_supp_544b8f5a,Other household supplies_MoM
other_household_supp_a37d727e,Other household supplies_YoY
furniture_and_househ_179891c5,Furniture and household textiles_MoM
furniture_and_househ_5ec7b32b,Furniture and household textiles_YoY
upholstered_furnitur_c176b49c,Upholstered furniture_MoM
upholstered_furnitur_a131a807,Upholstered furniture_YoY
wooden_furniture_mom_a8bec453,Wooden furniture_MoM
wooden_furniture_yoy_1b829033,Wooden furniture_YoY
household_equipment__0271af41,Household equipment_MoM
household_equipment__17dd3957,Household equipment_YoY
household_appliances_bcc77b9e,Household appliances_MoM
household_appliances_b3876250,Household appliances_YoY
refrigerators_and_fr_db7bf55b,Refrigerators and freezers_MoM
refrigerators_and_fr_c31d277b,Refrigerators and freezers_YoY
services_related_to__2be1ed02,Services related to household furnishings and equipment_MoM
services_related_to__42b9b422,Services related to household furnishings and equipment_YoY
athletic_footwear_mo_2a909bd2,Athletic footwear_MoM
athletic_footwear_yo_5e6f8f7e,Athletic footwear_YoY
clothing_material_an_ff799136,Clothing material and notions_MoM
clothing_material_an_8f149c56,Clothing material and notions_YoY
rental_of_passenger__9a9f5fd4,Rental of passenger vehicles_MoM
rental_of_passenger__9deadb5c,Rental of passenger vehicles_YoY
passenger_vehicle_ma_bbc060c4,Passenger vehicle maintenance and repair services_MoM
passenger_vehicle_ma_5248584d,Passenger vehicle maintenance and repair services_YoY
medicinal_and_pharma_5f02cb59,Medicinal and pharmaceutical products_MoM
medicinal_and_pharma_db9b311d,Medicinal and pharmaceutical products_YoY
other_health_care_go_79c3a830,Other health care goods_MoM
other_health_care_go_1ec2417a,Other health care goods_YoY
toiletry_items_and_c_401acdfa,Toiletry items and cosmetics_MoM
toiletry_items_and_c_9a4c7ad0,Toiletry items and cosmetics_YoY
recreational_equipme_184a7d29,Recreational equipment and services (excluding recreational vehicles)_MoM
recreational_equipme_93504b58,Recreational equipment and services (excluding recreational vehicles)_YoY
sporting_and_exercis_b4c3ef79,Sporting and exercise equipment_MoM
sporting_and_exercis_12f06538,Sporting and exercise equipment_YoY
purchase_and_operati_d7bc7c57,Purchase and operation of recreational vehicles_MoM
purchase_and_operati_f7448306,Purchase and operation of recreational vehicles_YoY
purchase_of_recreati_eda64d97,Purchase of recreational vehicles and outboard motors_MoM
purchase_of_recreati_9d57f580,Purchase of recreational vehicles and outboard motors_YoY
operation_of_recreat_a0dd45ca,Operation of recreational vehicles_MoM
operation_of_recreat_2bb46444,Operation of recreational vehicles_YoY
home_entertainment_e_b0cf99e2,"Home entertainment equipment, parts and services_MoM"
home_entertainment_e_0caf63e6,"Home entertainment equipment, parts and services_YoY"
travel_tours_mom_b21177d4,Travel tours_MoM
travel_tours_yoy_1506491a,Travel tours_YoY
video_and_audio_subs_d522c7d7,Video and audio subscription services_MoM
video_and_audio_subs_9c5d4b3a,Video and audio subscription services_YoY
use_of_recreational__3cfbdc3a,Use of recreational facilities and services_MoM
use_of_recreational__0fce9a5c,Use of recreational facilities and services_YoY
other_lessons__cours_1ed1bbe3,"Other lessons, courses and education services_MoM"
other_lessons__cours_34b242fd,"Other lessons, courses and education services_YoY"
alcoholic_beverages__af47d196,Alcoholic beverages served in licensed establishments_MoM
alcoholic_beverages__29bf385e,Alcoholic beverages served in licensed establishments_YoY
alcoholic_beverages__efbb2917,Alcoholic beverages purchased from stores_MoM
alcoholic_beverages__3388d18b,Alcoholic beverages purchased from stores_YoY
shelter__1986_defini_6f108a30,Shelter (1986 definition)_MoM
shelter__1986_defini_d394309a,Shelter (1986 definition)_YoY
all_items_excluding__5533dff1,"All-items excluding alcoholic beverages, tobacco products and smokers' supplies and recreational cannabis_MoM"
all_items_excluding__930690fe,"All-items excluding alcoholic beverages, tobacco products and smokers' supplies and recreational cannabis_YoY"
fresh_fruit_and_vege_202a515f,Fresh fruit and vegetables_MoM
fresh_fruit_and_vege_f4c2b527,Fresh fruit and vegetables_YoY
non_durable_goods_ex_c4db65a9,Non-durable goods excluding food purchased from stores and energy_MoM
non_durable_goods_ex_eeaf5b82,Non-durable goods excluding food purchased from stores and energy_YoY
clothing_mom_e42cc230,Clothing_MoM
clothing_yoy_a5e7718f,Clothing_YoY
women_s_clothing_mom_82443658,Women's clothing_MoM
women_s_clothing_yoy_125c812e,Women's clothing_YoY
men_s_clothing_mom_45107cb3,Men's clothing_MoM
men_s_clothing_yoy_55ec935f,Men's clothing_YoY
all_items_excluding__c8e4c776,All-items excluding mortgage interest cost_MoM
all_items_excluding__38e914e4,All-items excluding mortgage interest cost_YoY
all_items_excluding__2bfcf272,All-items excluding alcoholic beverages and recreational cannabis_MoM
all_items_excluding__4d89f579,All-items excluding alcoholic beverages and recreational cannabis_YoY
all_items_excluding__04f17fc2,All-items excluding tobacco products and smokers' supplies and recreational cannabis_MoM
all_items_excluding__04a566c8,All-items excluding tobacco products and smokers' supplies and recreational cannabis_YoY
all_items_excluding__140c1893,All-items excluding shelter_MoM
all_items_excluding__1a71e862,All-items excluding shelter_YoY
other_fresh_or_froze_8de42b2f,Other fresh or frozen meat (excluding poultry)_MoM
other_fresh_or_froze_1f6dc36b,Other fresh or frozen meat (excluding poultry)_YoY
processed_meat_mom_f6dd33a0,Processed meat_MoM
processed_meat_yoy_f1070b1e,Processed meat_YoY
ham_and_bacon_mom_338ab323,Ham and bacon_MoM
ham_and_bacon_yoy_aea0eab0,Ham and bacon_YoY
other_processed_meat_94bd0668,Other processed meat_MoM
other_processed_meat_274f99c0,Other processed meat_YoY
fish__seafood_and_ot_61a578b7,"Fish, seafood and other marine products_MoM"
fish__seafood_and_ot_db00d2b0,"Fish, seafood and other marine products_YoY"
fresh_or_frozen_fish_78d1f8fa,Fresh or frozen fish (including portions and fish sticks)_MoM
fresh_or_frozen_fish_5b521d8a,Fresh or frozen fish (including portions and fish sticks)_YoY
cheese_mom_1cbd9726,Cheese_MoM
cheese_yoy_2c8fcaf6,Cheese_YoY
other_dairy_products_b4f50dfe,Other dairy products_MoM
other_dairy_products_b1ac06e0,Other dairy products_YoY
bread__rolls_and_bun_7c5fc5d0,"Bread, rolls and buns_MoM"
bread__rolls_and_bun_75a30fe4,"Bread, rolls and buns_YoY"
cookies_and_crackers_e8575b12,Cookies and crackers_MoM
cookies_and_crackers_8cb7112a,Cookies and crackers_YoY
other_bakery_product_e08d7f95,Other bakery products_MoM
other_bakery_product_66868ef9,Other bakery products_YoY
cereal_products__exc_0decb6a7,Cereal products (excluding baby food)_MoM
cereal_products__exc_f2eb489a,Cereal products (excluding baby food)_YoY
other_fresh_fruit_mo_a5c1bb17,Other fresh fruit_MoM
other_fresh_fruit_yo_1b72d38f,Other fresh fruit_YoY
preserved_fruit_and__3bee95a8,Preserved fruit and fruit preparations_MoM
preserved_fruit_and__6c317a0d,Preserved fruit and fruit preparations_YoY
fruit_juices_mom_b588625e,Fruit juices_MoM
fruit_juices_yoy_03a0b4ea,Fruit juices_YoY
other_preserved_frui_b398589d,Other preserved fruit and fruit preparations_MoM
other_preserved_frui_f6b9793c,Other preserved fruit and fruit preparations_YoY
nuts_and_seeds_mom_a3941a3c,Nuts and seeds_MoM
nuts_and_seeds_yoy_09d729b1,Nuts and seeds_YoY
other_fresh_vegetabl_476631da,Other fresh vegetables_MoM
other_fresh_vegetabl_416f529f,Other fresh vegetables_YoY
preserved_vegetables_2031f682,Preserved vegetables and vegetable preparations_MoM
preserved_vegetables_9518cbe2,Preserved vegetables and vegetable preparations_YoY
frozen_and_dried_veg_722db8a8,Frozen and dried vegetables_MoM
frozen_and_dried_veg_7145b920,Frozen and dried vegetables_YoY
other_food_products__19b403bd,Other food products and non-alcoholic beverages_MoM
other_food_products__2400dceb,Other food products and non-alcoholic beverages_YoY
sugar_and_syrup_mom_de39abf5,Sugar and syrup_MoM
sugar_and_syrup_yoy_a2192b88,Sugar and syrup_YoY
confectionery_mom_fe149836,Confectionery_MoM
confectionery_yoy_2ea9f1a3,Confectionery_YoY
all_other_food_prepa_911abcb9,All other food preparations_MoM
all_other_food_prepa_7a0e5b60,All other food preparations_YoY
food_purchased_from__15ff707a,Food purchased from table-service restaurants_MoM
food_purchased_from__71aeef03,Food purchased from table-service restaurants_YoY
food_purchased_from__2cbc075c,Food purchased from fast food and take-out restaurants_MoM
food_purchased_from__8f6d12c5,Food purchased from fast food and take-out restaurants_YoY
child_care_and_house_b03cbba6,Child care and housekeeping services_MoM
child_care_and_house_6e02128e,Child care and housekeeping services_YoY
other_household_clea_f69c725f,Other household cleaning products_MoM
other_household_clea_17781484,Other household cleaning products_YoY
paper_supplies_mom_003af672,Paper supplies_MoM
paper_supplies_yoy_7e863792,Paper supplies_YoY
plastic_and_aluminum_931af8d1,Plastic and aluminum foil supplies_MoM
plastic_and_aluminum_f1d849e5,Plastic and aluminum foil supplies_YoY
other_household_good_b6e4e351,Other household goods and services_MoM
other_household_good_2a5e6036,Other household goods and services_YoY
pet_food_and_supplie_9ad5e1f7,Pet food and supplies_MoM
pet_food_and_supplie_1c2f9544,Pet food and supplies_YoY
seeds__plants_and_cu_58c4c6b2,"Seeds, plants and cut flowers_MoM"
seeds__plants_and_cu_56770d92,"Seeds, plants and cut flowers_YoY"
household_textiles_m_3bd70aa6,Household textiles_MoM
household_textiles_y_102020d6,Household textiles_YoY
window_coverings_mom_c63366e8,Window coverings_MoM
window_coverings_yoy_2c96dadd,Window coverings_YoY
bedding_and_other_ho_efd1d8fc,Bedding and other household textiles_MoM
bedding_and_other_ho_30d40430,Bedding and other household textiles_YoY
cooking_appliances_m_b86f29b0,Cooking appliances_MoM
cooking_appliances_y_7429101b,Cooking appliances_YoY
laundry_and_dishwash_4727c8de,Laundry and dishwashing appliances_MoM
laundry_and_dishwash_0917aa68,Laundry and dishwashing appliances_YoY
other_household_appl_ac663e1a,Other household appliances_MoM
other_household_appl_1174e543,Other household appliances_YoY
non_electric_kitchen_5f8980aa,"Non-electric kitchen utensils, tableware and cookware_MoM"
non_electric_kitchen_51059bd3,"Non-electric kitchen utensils, tableware and cookware_YoY"
household_tools__inc_21aeab25,"Household tools (including lawn, garden and snow removal equipment)_MoM"
household_tools__inc_6ccba116,"Household tools (including lawn, garden and snow removal equipment)_YoY"
men_s_footwear__excl_5c0b0c49,Men's footwear (excluding athletic)_MoM
men_s_footwear__excl_008d4ff2,Men's footwear (excluding athletic)_YoY
clothing_accessories_2eea3155,"Clothing accessories, watches and jewellery_MoM"
clothing_accessories_55608d76,"Clothing accessories, watches and jewellery_YoY"
leather_clothing_acc_5d058473,Leather clothing accessories_MoM
leather_clothing_acc_d1fcdc86,Leather clothing accessories_YoY
watches_mom_deff9382,Watches_MoM
watches_yoy_e48f8486,Watches_YoY
purchase__leasing_an_b26a7bfa,"Purchase, leasing and rental of passenger vehicles_MoM"
purchase__leasing_an_c27abc75,"Purchase, leasing and rental of passenger vehicles_YoY"
passenger_vehicle_pa_dfb97b28,"Passenger vehicle parts, maintenance and repairs_MoM"
passenger_vehicle_pa_4e9b4408,"Passenger vehicle parts, maintenance and repairs_YoY"
passenger_vehicle_pa_65d236d0,"Passenger vehicle parts, accessories and supplies_MoM"
passenger_vehicle_pa_181ae514,"Passenger vehicle parts, accessories and supplies_YoY"
other_passenger_vehi_a4fda8f2,Other passenger vehicle operating expenses_MoM
other_passenger_vehi_752b0460,Other passenger vehicle operating expenses_YoY
passenger_vehicle_re_f46264c0,Passenger vehicle registration fees_MoM
passenger_vehicle_re_f95f0fdf,Passenger vehicle registration fees_YoY
drivers__licences_mo_51761f10,Drivers' licences_MoM
drivers__licences_yo_8f80be0a,Drivers' licences_YoY
rail__highway_bus_an_83eb5964,"Rail, highway bus and other inter-city transportation_MoM"
rail__highway_bus_an_8da588c1,"Rail, highway bus and other inter-city transportation_YoY"
health_care_goods_mo_41640089,Health care goods_MoM
health_care_goods_yo_bbdf93a4,Health care goods_YoY
prescribed_medicines_96c9fa5e,Prescribed medicines (excluding medicinal cannabis)_MoM
prescribed_medicines_55c2a6f4,Prescribed medicines (excluding medicinal cannabis)_YoY
non_prescribed_medic_274fd05a,Non-prescribed medicines_MoM
non_prescribed_medic_9dcd8f07,Non-prescribed medicines_YoY
eye_care_goods_mom_fa4cf71a,Eye care goods_MoM
eye_care_goods_yoy_df5c842b,Eye care goods_YoY
health_care_services_72e767e0,Health care services_MoM
health_care_services_a3500607,Health care services_YoY
other_personal_care__b89eef0c,Other personal care supplies and equipment_MoM
other_personal_care__1ef789f6,Other personal care supplies and equipment_YoY
toys__games__excludi_14a1c391,"Toys, games (excluding video games) and hobby supplies_MoM"
toys__games__excludi_1a078f19,"Toys, games (excluding video games) and hobby supplies_YoY"
photographic_equipme_36b0d815,Photographic equipment and supplies_MoM
photographic_equipme_bb3810c7,Photographic equipment and supplies_YoY
recreational_service_f10b39c9,Recreational services_MoM
recreational_service_779d981c,Recreational services_YoY
audio_equipment_mom_fca45fd7,Audio equipment_MoM
audio_equipment_yoy_cc1532fe,Audio equipment_YoY
video_equipment_mom_ed59b066,Video equipment_MoM
video_equipment_yoy_8c68c3db,Video equipment_YoY
travel_services_mom_47faf0a4,Travel services_MoM
travel_services_yoy_ce67ad6e,Travel services_YoY
other_cultural_and_r_9e9c9d2f,Other cultural and recreational services_MoM
other_cultural_and_r_78341c04,Other cultural and recreational services_YoY
spectator_entertainm_0a9de5b8,Spectator entertainment (excluding video and audio subscription services)_MoM
spectator_entertainm_4af90c2d,Spectator entertainment (excluding video and audio subscription services)_YoY
education_and_readin_48ed6d12,Education and reading_MoM
education_and_readin_5c8d1909,Education and reading_YoY
books_and_reading_ma_3b83b205,Books and reading material (excluding textbooks)_MoM
books_and_reading_ma_54165f7b,Books and reading material (excluding textbooks)_YoY
rental_of_digital_me_5292bdda,Rental of digital media_MoM
rental_of_digital_me_9bdff601,Rental of digital media_YoY
food_purchased_from__5192695a,Food purchased from cafeterias and other restaurants_MoM
food_purchased_from__8dcba1db,Food purchased from cafeterias and other restaurants_YoY
other_owned_accommod_2efd3ced,Other owned accommodation expenses_MoM
other_owned_accommod_a791e7a6,Other owned accommodation expenses_YoY
other_household_serv_8e30b8de,Other household services_MoM
other_household_serv_194d0833,Other household services_YoY
other_furniture_mom_762e07b5,Other furniture_MoM
other_furniture_yoy_5dc22be3,Other furniture_YoY
tools_and_other_hous_a082519b,Tools and other household equipment_MoM
tools_and_other_hous_d5d415a1,Tools and other household equipment_YoY
other_household_equi_e816aea1,Other household equipment_MoM
other_household_equi_de031417,Other household equipment_YoY
children_s_footwear__02189a4a,Children's footwear (excluding athletic)_MoM
children_s_footwear__014d2a66,Children's footwear (excluding athletic)_YoY
other_clothing_acces_369624b5,Other clothing accessories_MoM
other_clothing_acces_0885cf09,Other clothing accessories_YoY
other_health_care_se_b5fd531f,Other health care services_MoM
other_health_care_se_5771b1eb,Other health care services_YoY
digital_computing_eq_32909381,Digital computing equipment and devices_MoM
digital_computing_eq_b5947bae,Digital computing equipment and devices_YoY
other_recreational_e_f442691d,Other recreational equipment_MoM
other_recreational_e_de54e1c2,Other recreational equipment_YoY
fuel__parts_and_acce_662ac6a4,"Fuel, parts and accessories for recreational vehicles_MoM"
fuel__parts_and_acce_15b81864,"Fuel, parts and accessories for recreational vehicles_YoY"
insurance__licences__91ea11a4,"Insurance, licences and other services for recreational vehicles_MoM"
insurance__licences__cd31656d,"Insurance, licences and other services for recreational vehicles_YoY"
school_textbooks_and_b6a88455,School textbooks and supplies_MoM
school_textbooks_and_42d5e662,School textbooks and supplies_YoY
wine_served_in_licen_f924217f,Wine served in licensed establishments_MoM
wine_served_in_licen_635534e1,Wine served in licensed establishments_YoY
other_tobacco_produc_7c679c0a,Other tobacco products and smokers' supplies_MoM
other_tobacco_produc_2b910a6f,Other tobacco products and smokers' supplies_YoY
leasing_of_passenger_b800c893,Leasing of passenger vehicles_MoM
leasing_of_passenger_01cc15d2,Leasing of passenger vehicles_YoY
all_items_excluding__4b78c616,All-items excluding gasoline_MoM
all_items_excluding__2381d185,All-items excluding gasoline_YoY
all_items_excluding__bd841668,"All-items excluding shelter, insurance and financial services_MoM"
all_items_excluding__d65cd523,"All-items excluding shelter, insurance and financial services_YoY"
private_transportati_d582299f,Private transportation excluding gasoline_MoM
private_transportati_5b76dfd8,Private transportation excluding gasoline_YoY
purchase_of_digital__e46b51ed,Purchase of digital media_MoM
purchase_of_digital__52dbc034,Purchase of digital media_YoY
internet_access_serv_11e76ec2,Internet access services (200212=100)_MoM
internet_access_serv_2ced6f16,Internet access services (200212=100)_YoY
financial_services___4bfe536f,Financial services (200212=100)_MoM
financial_services___45109280,Financial services (200212=100)_YoY
eye_care_services__2_5c9021f8,Eye care services (200704=100)_MoM
eye_care_services__2_126ebf63,Eye care services (200704=100)_YoY
telephone_equipment__130a7de6,Telephone equipment (201104=100)_MoM
telephone_equipment__5277b026,Telephone equipment (201104=100)_YoY
computer_equipment___88c0121a,"Computer equipment, software and supplies (201104=100)_MoM"
computer_equipment___01d6e021,"Computer equipment, software and supplies (201104=100)_YoY"
multipurpose_digital_46d340f1,Multipurpose digital devices (201104=100)_MoM
multipurpose_digital_49f7df25,Multipurpose digital devices (201104=100)_YoY
bacon__2013_100__mom_de4b485b,Bacon (2013=100)_MoM
bacon__2013_100__yoy_7d4a0414,Bacon (2013=100)_YoY
ham_excluding_deli_h_1e5fc6d4,Ham excluding deli ham (2013=100)_MoM
ham_excluding_deli_h_51fb897b,Ham excluding deli ham (2013=100)_YoY
canned_salmon__2013__c8f8a41f,Canned salmon (2013=100)_MoM
canned_salmon__2013__3fe1c1f2,Canned salmon (2013=100)_YoY
canned_tuna__2013_10_07ca0827,Canned tuna (2013=100)_MoM
canned_tuna__2013_10_56d17aa9,Canned tuna (2013=100)_YoY
shrimps_and_prawns___03f4bd25,Shrimps and prawns (2013=100)_MoM
shrimps_and_prawns___ee110358,Shrimps and prawns (2013=100)_YoY
other_shellfish__201_3009dd10,Other shellfish (2013=100)_MoM
other_shellfish__201_8d9e8a28,Other shellfish (2013=100)_YoY
whole_milk__2013_100_3896d44f,Whole milk (2013=100)_MoM
whole_milk__2013_100_915e7682,Whole milk (2013=100)_YoY
low_fat_milk__2013_1_fd1634ca,Low-fat milk (2013=100)_MoM
low_fat_milk__2013_1_f3d65545,Low-fat milk (2013=100)_YoY
cheddar_cheese__2013_cfb6f722,Cheddar cheese (2013=100)_MoM
cheddar_cheese__2013_8902e59b,Cheddar cheese (2013=100)_YoY
processed_cheese__20_ef0d6cb1,Processed cheese (2013=100)_MoM
processed_cheese__20_d6f09829,Processed cheese (2013=100)_YoY
unripened_or_fresh_c_ce529509,Unripened or fresh cheese (2013=100)_MoM
unripened_or_fresh_c_fc6ca874,Unripened or fresh cheese (2013=100)_YoY
mozzarella_cheese__2_94980926,Mozzarella cheese (2013=100)_MoM
mozzarella_cheese__2_f0b4419f,Mozzarella cheese (2013=100)_YoY
crackers_and_crisp_b_55ab120f,Crackers and crisp breads (2013=100)_MoM
crackers_and_crisp_b_fda8d0b9,Crackers and crisp breads (2013=100)_YoY
cookies_and_sweet_bi_d144b1d4,Cookies and sweet biscuits (2013=100)_MoM
cookies_and_sweet_bi_b1885900,Cookies and sweet biscuits (2013=100)_YoY
dry_or_fresh_pasta___59bfa8d5,Dry or fresh pasta (2013=100)_MoM
dry_or_fresh_pasta___c6660b81,Dry or fresh pasta (2013=100)_YoY
pasta_mixes__2013_10_9a9259eb,Pasta mixes (2013=100)_MoM
pasta_mixes__2013_10_a4ac1550,Pasta mixes (2013=100)_YoY
canned_fruit__2013_1_6651ff0c,Canned fruit (2013=100)_MoM
canned_fruit__2013_1_a16322d6,Canned fruit (2013=100)_YoY
jam__jelly_and_other_185751e0,"Jam, jelly and other preserves (2013=100)_MoM"
jam__jelly_and_other_ddab5c86,"Jam, jelly and other preserves (2013=100)_YoY"
dried_and_dehydrated_e544f675,Dried and dehydrated fruit (2013=100)_MoM
dried_and_dehydrated_e72c12aa,Dried and dehydrated fruit (2013=100)_YoY
frozen_fruit__2013_1_95cc591f,Frozen fruit (2013=100)_MoM
frozen_fruit__2013_1_4dd67069,Frozen fruit (2013=100)_YoY
roasted_or_ground_co_290b58b2,Roasted or ground coffee (2013=100)_MoM
roasted_or_ground_co_15bf3115,Roasted or ground coffee (2013=100)_YoY
instant_and_other_co_4fd9658c,Instant and other coffee (2013=100)_MoM
instant_and_other_co_f7616514,Instant and other coffee (2013=100)_YoY
fermented_or_pickled_30069669,Fermented or pickled vegetables (2013=100)_MoM
fermented_or_pickled_9ab41170,Fermented or pickled vegetables (2013=100)_YoY
sauces__condiments_a_84d702e1,"Sauces, condiments and dips (2013=100)_MoM"
sauces__condiments_a_f84d4685,"Sauces, condiments and dips (2013=100)_YoY"
herbs__spices_and_se_f1bdfe7f,"Herbs, spices and seasonings (2013=100)_MoM"
herbs__spices_and_se_883df203,"Herbs, spices and seasonings (2013=100)_YoY"
canned_infant_or_jun_00b42d01,Canned infant or junior foods (2013=100)_MoM
canned_infant_or_jun_390bdf62,Canned infant or junior foods (2013=100)_YoY
infant_formula__2013_4f2a00d1,Infant formula (2013=100)_MoM
infant_formula__2013_00d82e66,Infant formula (2013=100)_YoY
nut_butter__2013_100_9843674b,Nut butter (2013=100)_MoM
nut_butter__2013_100_4b4e1e81,Nut butter (2013=100)_YoY
potato_chips_and_oth_46ef110c,Potato chips and other snack products n.e.c. (2013=100)_MoM
potato_chips_and_oth_d2e2b801,Potato chips and other snack products n.e.c. (2013=100)_YoY
all_other_miscellane_1593a530,All other miscellaneous food preparations (2013=100)_MoM
all_other_miscellane_c28bffee,All other miscellaneous food preparations (2013=100)_YoY
laundry_detergents_a_254d506f,Laundry detergents and soaps (2013=100)_MoM
laundry_detergents_a_8adab9af,Laundry detergents and soaps (2013=100)_YoY
detergents_and_rinse_46ee4989,Detergents and rinse agents for dish washing (2013=100)_MoM
detergents_and_rinse_cb06e13c,Detergents and rinse agents for dish washing (2013=100)_YoY
household_cleaning_a_78111118,Household cleaning and polishing products (2013=100)_MoM
household_cleaning_a_5fb2e1e5,Household cleaning and polishing products (2013=100)_YoY
bleach_and_other_hou_79deecd8,Bleach and other household chemical products (2013=100)_MoM
bleach_and_other_hou_f491c06d,Bleach and other household chemical products (2013=100)_YoY
fabric_softener__201_e9bf45af,Fabric softener (2013=100)_MoM
fabric_softener__201_17a3eb61,Fabric softener (2013=100)_YoY
household_paper_supp_252013e3,Household paper supplies (2013=100)_MoM
household_paper_supp_f2ba326c,Household paper supplies (2013=100)_YoY
stationery__2013_100_18c3bdb3,Stationery (2013=100)_MoM
stationery__2013_100_d455b331,Stationery (2013=100)_YoY
plastic_supplies__20_18c37658,Plastic supplies (2013=100)_MoM
plastic_supplies__20_7928e9dc,Plastic supplies (2013=100)_YoY
foil_supplies__2013__edbad175,Foil supplies (2013=100)_MoM
foil_supplies__2013__04044a53,Foil supplies (2013=100)_YoY
clothing_accessories_97455e9f,Clothing accessories (2013=100)_MoM
clothing_accessories_8da48eaf,Clothing accessories (2013=100)_YoY
purchase_of_automobi_738fd1ac,Purchase of automobiles (2013=100)_MoM
purchase_of_automobi_8e8daadd,Purchase of automobiles (2013=100)_YoY
purchase_of_trucks___58b5e889,"Purchase of trucks, vans and sport utility vehicles (2013=100)_MoM"
purchase_of_trucks___1dc0afe0,"Purchase of trucks, vans and sport utility vehicles (2013=100)_YoY"
prescription_eyeglas_953022eb,Prescription eyeglasses (2013=100)_MoM
prescription_eyeglas_d0acd01f,Prescription eyeglasses (2013=100)_YoY
contact_lenses__2013_40dfc341,Contact lenses (2013=100)_MoM
contact_lenses__2013_8dac5ae3,Contact lenses (2013=100)_YoY
other_eye_care_goods_28399872,Other eye care goods (2013=100)_MoM
other_eye_care_goods_9721303a,Other eye care goods (2013=100)_YoY
creams__lotions_and__1b71f514,"Creams, lotions and cosmetics (2013=100)_MoM"
creams__lotions_and__6e6bec4c,"Creams, lotions and cosmetics (2013=100)_YoY"
perfume_and_cologne__a6536f6c,Perfume and cologne (2013=100)_MoM
perfume_and_cologne__a2927b45,Perfume and cologne (2013=100)_YoY
hair_preparations_an_f6e348f9,Hair preparations and other toilet preparations (2013=100)_MoM
hair_preparations_an_db6624ad,Hair preparations and other toilet preparations (2013=100)_YoY
cellular_services__2_db113197,Cellular services (2017=100)_MoM
cellular_services__2_017d9bc8,Cellular services (2017=100)_YoY
medicinal_cannabis___7f21f644,Medicinal cannabis (201812=100)_MoM
medicinal_cannabis___d4ef34df,Medicinal cannabis (201812=100)_YoY
recreational_cannabi_fa3d600d,Recreational cannabis (201812=100)_MoM
recreational_cannabi_aea4f7dd,Recreational cannabis (201812=100)_YoY
digital_economy_serv_63803beb,Digital economy services (201812=100)_MoM
digital_economy_serv_f2eea43d,Digital economy services (201812=100)_YoY
purchase_of_new_pass_502e8e63,Purchase of new passenger vehicles (202204=100)_MoM
purchase_of_new_pass_1b36f626,Purchase of new passenger vehicles (202204=100)_YoY
purchase_of_used_pas_238b0a1b,Purchase of used passenger vehicles (202204=100)_MoM
purchase_of_used_pas_75d4625e,Purchase of used passenger vehicles (202204=100)_YoY
citrus__excluding_or_80225f25,Citrus (excluding oranges) (202304=100)_MoM
citrus__excluding_or_5daf1ce0,Citrus (excluding oranges) (202304=100)_YoY
grapes__202304_100___6b4abb7a,Grapes (202304=100)_MoM
grapes__202304_100___1fe3012e,Grapes (202304=100)_YoY
berries__including_c_d50d5c84,Berries (including cherries) (202304=100)_MoM
berries__including_c_c74c49f0,Berries (including cherries) (202304=100)_YoY
carrots__202304_100__f21cd20a,Carrots (202304=100)_MoM
carrots__202304_100__4da7814b,Carrots (202304=100)_YoY
onions__202304_100___a7a634e3,Onions (202304=100)_MoM
onions__202304_100___473d31ba,Onions (202304=100)_YoY
peppers__202304_100__9e2ddcbc,Peppers (202304=100)_MoM
peppers__202304_100__1eeb445a,Peppers (202304=100)_YoY
cucumber__202304_100_1c1c63f2,Cucumber (202304=100)_MoM
cucumber__202304_100_69c12fb2,Cucumber (202304=100)_YoY
mushrooms__202304_10_aec76192,Mushrooms (202304=100)_MoM
mushrooms__202304_10_635c8182,Mushrooms (202304=100)_YoY
cellular_services__2_d2db71ec,Cellular services (202304=100)_MoM
cellular_services__2_34260fa5,Cellular services (202304=100)_YoY
fresh_or_frozen_beef_29100adc,Fresh or frozen beef hip cuts (202404=100)_MoM
fresh_or_frozen_beef_d23cf1c4,Fresh or frozen beef hip cuts (202404=100)_YoY
fresh_or_frozen_beef_d6df0869,Fresh or frozen beef loin cuts (202404=100)_MoM
fresh_or_frozen_beef_64716938,Fresh or frozen beef loin cuts (202404=100)_YoY
fresh_or_frozen_beef_6c9fcc8b,Fresh or frozen beef rib cuts (202404=100)_MoM
fresh_or_frozen_beef_8aba1198,Fresh or frozen beef rib cuts (202404=100)_YoY
fresh_or_frozen_beef_6d610f1e,Fresh or frozen beef chuck cuts (202404=100)_MoM
fresh_or_frozen_beef_59400499,Fresh or frozen beef chuck cuts (202404=100)_YoY
fresh_stewing_beef___6db08c50,Fresh stewing beef (202404=100)_MoM
fresh_stewing_beef___4753d877,Fresh stewing beef (202404=100)_YoY
fresh_or_frozen_grou_4613a966,Fresh or frozen ground beef (202404=100)_MoM
fresh_or_frozen_grou_3a43598e,Fresh or frozen ground beef (202404=100)_YoY
other_fresh_or_froze_acbf6894,Other fresh or frozen beef (202404=100)_MoM
other_fresh_or_froze_d880900b,Other fresh or frozen beef (202404=100)_YoY
fresh_or_frozen_pork_88cbeb00,Fresh or frozen pork loin cuts (202404=100)_MoM
fresh_or_frozen_pork_5fab4d45,Fresh or frozen pork loin cuts (202404=100)_YoY
fresh_or_frozen_pork_ecedcd0b,Fresh or frozen pork shoulder cuts (202404=100)_MoM
fresh_or_frozen_pork_21a8525f,Fresh or frozen pork shoulder cuts (202404=100)_YoY
other_fresh_or_froze_df3b95f0,Other fresh or frozen pork (202404=100)_MoM
other_fresh_or_froze_2dc63f0c,Other fresh or frozen pork (202404=100)_YoY
fresh_or_frozen_chic_6b5290cb,Fresh or frozen chicken breasts (202404=100)_MoM
fresh_or_frozen_chic_8fbb0002,Fresh or frozen chicken breasts (202404=100)_YoY
fresh_or_frozen_chic_8c8bd55f,Fresh or frozen chicken thighs (202404=100)_MoM
fresh_or_frozen_chic_53b922e4,Fresh or frozen chicken thighs (202404=100)_YoY
fresh_or_frozen_chic_40a92dcf,Fresh or frozen chicken drumsticks (202404=100)_MoM
fresh_or_frozen_chic_62c5f341,Fresh or frozen chicken drumsticks (202404=100)_YoY
fresh_or_frozen_whol_ce8ebaef,Fresh or frozen whole chicken (202404=100)_MoM
fresh_or_frozen_whol_f2b1da71,Fresh or frozen whole chicken (202404=100)_YoY
other_fresh_or_froze_15cd7b56,Other fresh or frozen chicken (202404=100)_MoM
other_fresh_or_froze_636c60a9,Other fresh or frozen chicken (202404=100)_YoY
